[
    {
        "type": "primary",
        "width": 600,
        "artist_id": 82730,
        "height": 600,
        "uri": "http://blue.cs.sonoma.edu/~cs315/projects/project4/images/A-82730-1419714988-9675.jpeg"
    },
    {
        "type": "secondary",
        "width": 600,
        "artist_id": 82730,
        "height": 450,
        "uri": "http://blue.cs.sonoma.edu/~cs315/projects/project4/images/A-82730-1404217038-2433.jpeg"
    },
    {
        "type": "primary",
        "width": 600,
        "artist_id": 1124645,
        "height": 396,
        "uri": "http://blue.cs.sonoma.edu/~cs315/projects/project4/images/A-1124645-1416508481-3136.jpeg"
    },
    {
        "type": "secondary",
        "width": 600,
        "artist_id": 1124645,
        "height": 900,
        "uri": "http://blue.cs.sonoma.edu/~cs315/projects/project4/images/A-1124645-1350142642-4420.jpeg"
    },
    {
        "type": "secondary",
        "width": 600,
        "artist_id": 33287,
        "height": 387,
        "uri": "http://blue.cs.sonoma.edu/~cs315/projects/project4/images/A-33287-1146470666.jpeg"
    },
    {
        "type": "primary",
        "width": 600,
        "artist_id": 971243,
        "height": 692,
        "uri": "http://blue.cs.sonoma.edu/~cs315/projects/project4/images/A-971243-1386489008-4050.jpeg"
    },
    {
        "type": "secondary",
        "width": 600,
        "artist_id": 971243,
        "height": 807,
        "uri": "http://blue.cs.sonoma.edu/~cs315/projects/project4/images/A-971243-1379500731-2188.jpeg"
    },
    {
        "type": "primary",
        "width": 479,
        "artist_id": 3840,
        "height": 390,
        "uri": "http://blue.cs.sonoma.edu/~cs315/projects/project4/images/A-3840-1363109928-4904.jpeg"
    },
    {
        "type": "secondary",
        "width": 599,
        "artist_id": 3840,
        "height": 487,
        "uri": "http://blue.cs.sonoma.edu/~cs315/projects/project4/images/A-3840-1363110054-9224.jpeg"
    },
    {
        "type": "primary",
        "width": 600,
        "artist_id": 321128,
        "height": 823,
        "uri": "http://blue.cs.sonoma.edu/~cs315/projects/project4/images/A-321128-1409193255-5675.jpeg"
    },
    {
        "type": "secondary",
        "width": 450,
        "artist_id": 321128,
        "height": 450,
        "uri": "http://blue.cs.sonoma.edu/~cs315/projects/project4/images/A-321128-1409193111-5294.jpeg"
    },
    {
        "type": "primary",
        "width": 600,
        "artist_id": 8760,
        "height": 600,
        "uri": "http://blue.cs.sonoma.edu/~cs315/projects/project4/images/A-8760-1418547319-5121.jpeg"
    },
    {
        "type": "secondary",
        "width": 490,
        "artist_id": 8760,
        "height": 681,
        "uri": "http://blue.cs.sonoma.edu/~cs315/projects/project4/images/A-8760-1273194159.jpeg"
    },
    {
        "type": "primary",
        "width": 600,
        "artist_id": 1103159,
        "height": 597,
        "uri": "http://blue.cs.sonoma.edu/~cs315/projects/project4/images/A-1103159-1375556539-4319.jpeg"
    },
    {
        "type": "secondary",
        "width": 500,
        "artist_id": 1103159,
        "height": 500,
        "uri": "http://blue.cs.sonoma.edu/~cs315/projects/project4/images/A-1103159-1367286020-6573.jpeg"
    },
    {
        "type": "primary",
        "width": 480,
        "artist_id": 137880,
        "height": 348,
        "uri": "http://blue.cs.sonoma.edu/~cs315/projects/project4/images/A-137880-1400952868-5729.jpeg"
    },
    {
        "type": "secondary",
        "width": 597,
        "artist_id": 137880,
        "height": 597,
        "uri": "http://blue.cs.sonoma.edu/~cs315/projects/project4/images/A-137880-1337005764-3900.jpeg"
    }
]